"Attribute Codes Missing", "Attribute Codes Missing"
"Attribute Frontend Labels", "Attribute Frontend Labels"
"Attribute IDs", "Attribute IDs"
"Attribute Ids", "Attribute Ids"
"Attribute Set Name", "Attribute Set Name"
"Configurable Products Missing Associated Simple Products", "Configurable Products Missing Associated Simple Products"
"CSV", "CSV"
"Missing Associated", "Missing Associated"
"Missing Associated Simple Products", "Missing Associated Simple Products"
"Missing Super Attribute from Attribute Set", "Missing Super Attribute from Attribute Set"
"Missing Super Attribute from Product's Attribute Set", "Missing Super Attribute from Product's Attribute Set"
"Product ID", "Product ID"
"Product Name", "Product Name"
"Product SKU", "Product SKU"
"Products", "Products"
"Products (Custom)", "Products (Custom)"
"SKU", "SKU"
"Super Attributes Missing from Attribute Set (Mis-configured Configurable Products)", "Super Attributes Missing from Attribute Set (Mis-configured Configurable Products)"

